title,item_price,shipping,total,url
"RATCHET (Studio Series 82) BUMBLEBEE MOVIE Deluxe Class (Hasbro) *PLEASE READ*
Opens in a new window or tab",14.99,0.0,14.99,https://www.ebay.com/itm/286753599574?_skw=Studio+Series+82+Deluxe+Class+Bumblebee+Autobot+Ratchet&itmmeta=01KJDYWN85Q8Q79NKFQCYQK8MM&hash=item42c3d8b056%3Ag%3AyR0AAeSwNqxolO%7Eg&itmprp=enc%3AAQALAAAA8GfYFPkwiKCW4ZNSs2u11xBdIP1WMAFJbOvDKaT2j3wkBQG5dPsi%2BZpyX88uOMX65r%2BGpq1gpfRDzx3r1qL0Jq%2FKiatd35hlHiktWRL9Sy%2F2lMtrNzRfgIYCLVCcADKopp13U%2FJ8IipPBEL1Ly3FhfCDzcU5sw81RdzmGezst%2BJrlLuJxkJtTn2o41K%2BRFMd69c22wzFxlUGFHAHyJMKtGWOB%2FdcFa5L6okRJ7N0dgAOA93gREapnkZVo0p8Fi5AVwo%2FVSMh16wk0rBi3wkhZj%2Fzq8BlrKPU0IipeYCp%2FhuN%2BIPrxBU9OXDMDFQPHmDNhg%3D%3D%7Ctkp%3ABk9SR57U8r6TZw&LH_ItemCondition=3000
"Transformers Studio Series Ratchet complete Hasbro SS-82 Deluxe Bumblebee Movie
Opens in a new window or tab",16.0,0.0,16.0,https://www.ebay.com/itm/197939690855?_skw=Studio+Series+82+Deluxe+Class+Bumblebee+Autobot+Ratchet&itmmeta=01KJDYWN85W4D6JW1RX319A65S&hash=item2e161ffd67%3Ag%3ASmUAAeSwvQhpOep%7E&itmprp=enc%3AAQALAAABEGfYFPkwiKCW4ZNSs2u11xAaCZoECOovF%2F%2BKUhXKT6t0znMl8O0l5uj9YK62oQeIMm%2FxxHeDPVxiTWO5UCwkkXcBL%2BzDPdaxHA5bvtCMe4zwSdgGd9BKcVsNXjsd2vlgLA3cdb54jYib2glDn9MN1cXj83gXCUQ0KCeImo4OPKebnF1dmrgnKf1Gjk4ZmbtSkf1yUcf2SU%2FpQ156qEh17kirnIherKQA3f48pa4IzVGUeUafvfFThP0OQ7TET7f1T4FRLBkpGNCJ80Q2zYQNsHqGQHCsoW6z7roQkbdotD7iQRaw5tL6ZRRMsFUhgssRgaAV3eqq6e6d%2FrVdMpjcNVCLXLCDl%2FGHaP7Xr6%2BZdtuE%7Ctkp%3ABk9SR57U8r6TZw&LH_ItemCondition=3000
"Transformers Studio Series Ratchet complete Hasbro SS-82 Deluxe Bumblebee Movie
Opens in a new window or tab",19.99,0.0,19.99,https://www.ebay.com/itm/366029521172?_skw=Studio+Series+82+Deluxe+Class+Bumblebee+Autobot+Ratchet&itmmeta=01KJDYWN85WQ168N4NBTHRCRKS&hash=item55390f4114%3Ag%3A780AAeSwdt1ojR7z&itmprp=enc%3AAQALAAABEGfYFPkwiKCW4ZNSs2u11xBHng8zwn%2F4YecDg6QZh4BA7oUL6ErrnAJ3BPDzd%2B345tX5qXzV9huNTvH9eU6T3BRYjQj2mjmROwACHwIWamLI%2Fhe0PP%2FqirdoqNMhvyeJX1mpXPbmPvHR%2FW95VJ3%2Bk9wYWaPgRooqBdcjA%2BDAYnWfSjIHx559Krl8IFWzOAlo9BlAmx7RUiZFECK9mK7Bb6s%2Bs9raMEknHONLBJAWc5w%2BU6H1cWwvjBGqSCJB4GR4Cu%2Ft7wFeAo1PKOtBuN%2BGn%2FKTr%2B1Dnq0ZRg6r%2BTOpVw5GCcRcZGW%2FhZruRZsHg%2FqcGhTyPxK8ZoU366saJad1yyNlJ4fgHnKFx%2Fw4R1uhhKs0%7Ctkp%3ABk9SR57U8r6TZw&LH_ItemCondition=3000
"Transformers Ratchet Studio Series 82 Deluxe Class Bumblebee
Opens in a new window or tab",8.99,0.0,8.99,https://www.ebay.com/itm/127530965932?_skw=Studio+Series+82+Deluxe+Class+Bumblebee+Autobot+Ratchet&itmmeta=01KJDYWN85ZZPCKGFBVT523K0E&hash=item1db1701bac%3Ag%3AIPwAAeSwUdlpKe8C&itmprp=enc%3AAQALAAAA8GfYFPkwiKCW4ZNSs2u11xAaOBCRVxH54yFSuYn7cF95BCMqHgDkUn13hSnBdupqTiwfw6FJWt%2FtyYTPw4L7X02vrJYXsKuebbL%2FbDz87KAp1qCgzqU2VZbzWCqu1jpmHyBm7HisTn6zJ%2FA1Og4fywWH20RVhfDnHsz%2FgBElVlnDeZtsP3cVdnzHyVce1rJZb8VjFs%2B1Zbxkm6zZrW0Uv8MWl2OXlrx3iID5yqiOShEmpItlsKvtwWeZCRmT%2BYlil83XoQ9jHRi4kNyxj3MzOTxwpOWgvCTAuL0KwrFt6wY4APACww3ZRSClb8LNT6Do%2BA%3D%3D%7Ctkp%3ABk9SR57U8r6TZw&LH_ItemCondition=3000
"Transformers Studio Series 82 Deluxe Ratchet Takara Tomy Bumblebee Movie
Opens in a new window or tab",14.95,0.0,14.95,https://www.ebay.com/itm/287128512013?_skw=Studio+Series+82+Deluxe+Class+Bumblebee+Autobot+Ratchet&epid=17051809965&itmmeta=01KJDYWN85DGZMWDY2Y23P3E6E&hash=item42da31660d%3Ag%3AaJsAAeSwmehpgDG%7E&itmprp=enc%3AAQALAAAA8GfYFPkwiKCW4ZNSs2u11xBgnWO0Y3urNcS7kWfo6AjHZC2d2EvsecjmiP7lxff%2Ba6iAvtb%2BoaJArz9jpeKkUUdYG4PE8S8nMBDtKp15XAbvOzZ07mVPiEPokrLbVVglFg6c4n53YRNt2f7PZCJMsXC3FgIK%2F5bysTtozS1lbkuiXT6MBw%2B7nTmqXdOOw41erVxc3fZrsyvHowJ2pyKxKIXJ4b4zx0OJr7kaZnz5EYaaJAqW4qvg83EwaBT7vZSGAXb%2FFacrsxc%2BH6tXwG6GU3xGe%2FOp9lIQnN8J9VNhlgBCCk5lc7tUJbeP4XAW9SSyCQ%3D%3D%7Ctkp%3ABk9SR57U8r6TZw&LH_ItemCondition=3000
"Transformers Studio Series 82 Deluxe Ratchet Takara Tomy Bumblebee Movie
Opens in a new window or tab",18.0,0.0,18.0,https://www.ebay.com/itm/127695670658?_skw=Studio+Series+82+Deluxe+Class+Bumblebee+Autobot+Ratchet&epid=17051809965&itmmeta=01KJDYWN851T1KJEMCVDKAZ40G&hash=item1dbb414d82%3Ag%3AcPoAAeSwo9xpmKCj&itmprp=enc%3AAQALAAAA8GfYFPkwiKCW4ZNSs2u11xDtAV0IHX%2FkkwsUvqwNhEzrOExYCwQ%2BqQWVtx5o7CnxGygGEEp%2B0TmNh9FxVf%2F7uU55MG0XCL%2F3DCqE%2FGr89PHnFZycO3sJxMUd0vgC012N8VAk9Fr33C%2FCkJsYe9xe2A219BF2Hg5D4iUVx0UoKFETIo9zdKGJ5ioE4Haf4reJ7gwMwlSVxCAgHRGXz6dM%2F3%2BpEaft37PYqJbNjSDaUrv9rsYfnH3tEgQQv9531osbYy2CoW7gZzXSqth2AAxy6EwKGMr7JvEiQLNN1r%2FFNSWI0M9cWDNZcYJxBEYx%2F4q0BQ%3D%3D%7Ctkp%3ABk9SR6DU8r6TZw&LH_ItemCondition=3000
"Transformers Studio Series 82 Ratchet Complete Bumblebee Movie Deluxe Ss-82
Opens in a new window or tab",21.9,0.0,21.9,https://www.ebay.com/itm/284748674759?_skw=Studio+Series+82+Deluxe+Class+Bumblebee+Autobot+Ratchet&epid=17051809965&itmmeta=01KJDYWN85JPAEMXZT1DV7ZWWJ&hash=item424c57f6c7%3Ag%3AlOUAAOSwCAFiTUDp&itmprp=enc%3AAQALAAABEGfYFPkwiKCW4ZNSs2u11xB%2Ft55Kmn%2F4jHEan%2BeJhXOklWlgnI0sJ2p5eANlsfnbPnBR1FYXS%2Bf5%2B11FNts2tOawM%2F%2BKfTwxaJbZVexQ8LXtWUulDESWIZbJJbkHZxzcZ48h4Hkk%2FfHKrS9iRCo2R1phQWBoKk5kqGoNM4ObIyw6MUFRrlmczYRou5u7lTxQpj6O3LV2k0HigQlMqeWe1IK5Rp57eTiJ%2FfqWyHJFMv8VYqIQWzW6srGJj0uSUpXhyThX3EKojpoHDWkuS4Ms66TVPICyo3LiV8LCrOvlzfMI10wl%2FAlFAa%2Boer4gH7TmtZ80sqmndAHPHXMqVYe4bXWqk3FszKZJoZT7X44MMGS3%7Ctkp%3ABk9SR6DU8r6TZw&LH_ItemCondition=3000
"Transformers Autobot Ratchet Complete SS-82 Studio Series Deluxe Class
Opens in a new window or tab",25.97,0.0,25.97,https://www.ebay.com/itm/136316866939?_skw=Studio+Series+82+Deluxe+Class+Bumblebee+Autobot+Ratchet&itmmeta=01KJDYWN85NQ90PXC2PDBM0PB8&hash=item1fbd1e517b%3Ag%3Ahu0AAeSwpIVonkDA&itmprp=enc%3AAQALAAAA8GfYFPkwiKCW4ZNSs2u11xCXHbH5sPqAoTNXa3qMhWtrysQJn284NZpj9mYtrTwA5hQZhiKIyoI71TTbv8BnWGPLVCs8HN1EM4eqAHXPLZ1H4yo1wGdGkvaJGQ3LLL1h5eiCXd5LM7HzurL%2F0hK5vIBp7ot41e6YKYx4IW2x9O7kGX9EETQRFS6wSarFE7x3e8baVSLvZYw%2FYIKgaBpoEUOB3voKnyYdSwNT46y8%2FS85Pyla%2BvoyjidiEb8gy%2FljFEKectNxvqm6xWlFRr6AhJbttwvXUbUfQO3%2F98YDaEWpZtnAbCWhBfs3evMpqd5Xwg%3D%3D%7Ctkp%3ABk9SR6DU8r6TZw&LH_ItemCondition=3000
"Transformers Autobot Ratchet Complete SS-82 Studio Series Deluxe Class
Opens in a new window or tab",23.97,0.0,23.97,https://www.ebay.com/itm/136479230462?_skw=Studio+Series+82+Deluxe+Class+Bumblebee+Autobot+Ratchet&itmmeta=01KJDYWN856W7QK4W4F86Z99JC&hash=item1fc6cbc9fe%3Ag%3Az9QAAeSw-ddoyaog&itmprp=enc%3AAQALAAAA8GfYFPkwiKCW4ZNSs2u11xDVXPFFSGbC47R58WacbtMplNvOhmWk2ZmlKqs6kwIcMD7TDgWSebuXYhjDMC9pSN3tBVjZ7YL6Pg%2FMexBtoC0QynEwGfjEPgXKoI1a8giys0zpbW7zOb2ZemMqyz7%2F5chignL4lf8xrbvEhh9bQtPtqkKrzZf9yQZ5rbYnSxRJlF0IODNrO8t8ImaavOFbtLz3WFXofaTqtuK3y2qZbSrGeiLA8fYs3xVfpteTIXcTw7t4RqtG5ZiT7d3ebfV3boZN3e0nOk5IlBZzJQjWKysyXNWrkxRcw0wc6AaoWoNfKg%3D%3D%7Ctkp%3ABk9SR6DU8r6TZw&LH_ItemCondition=3000
"Transformers Studio 82 Deluxe Bumblebee Autobot Ratchet 4.5"" Action Figure
Opens in a new window or tab",16.2,0.0,16.2,https://www.ebay.com/itm/358074915808?_skw=Studio+Series+82+Deluxe+Class+Bumblebee+Autobot+Ratchet&epid=17051809965&itmmeta=01KJDYWN85G0HP4RDK8EVTT27R&hash=item535eed9be0%3Ag%3Aj-EAAeSwGfdpVxOi&itmprp=enc%3AAQALAAAA8GfYFPkwiKCW4ZNSs2u11xCTOHKlUtqI4jy8ClMMC2R69WSNQbB3UsbPAaaaIWjSJiP9APHikQ4Ogu2Uj4R5ZrNz6Ak%2F2Lw%2BPdgPL3TL8egpWkXGPyUE4c96Z2LT9lhsAGBXkVUrzIdJuwWi82qAQQWGAmSLtSfGgTK6%2FTly0WLKQbqv0RV2JwWzokRf5aVO4Wy0oFlbzwCDkbf1l1sM4W9Jd39IhEWkhX4Lx8WBeRrSQ6vwW7IBXRe%2BQCtT3uOih%2Blvg%2FmbkZdV47FCTXPgclFgeVNgAaaOGOj6Qde34pvWtf6ENBFrDQsXIcdYjLb8vA%3D%3D%7Ctkp%3ABk9SR6DU8r6TZw&LH_ItemCondition=3000
"Transformers Studio Series 96 Ratchet Deluxe Class Figure Buzzworthy Bumblebee
Opens in a new window or tab",21.99,0.0,21.99,https://www.ebay.com/itm/157550323699?_skw=Studio+Series+82+Deluxe+Class+Bumblebee+Autobot+Ratchet&itmmeta=01KJDYWN85GCXJ56TZ2Z1HV792&hash=item24aebb27f3%3Ag%3Al6MAAeSwJmFpQ0Ci&itmprp=enc%3AAQALAAAA8GfYFPkwiKCW4ZNSs2u11xBgvOp%2BCz68khv3EvolmRb3YbngtASuHtC3vH%2F1v4wpBBCmQKptmJy%2FzZaTARx8VqB9LZyeeQTz%2BbMTh%2Fi723MjBeKtH5jTmqgN%2FaiuKoa4oAHHsaMkQXM62CE8FKHpTeAhFZEiO99lj%2BcFi%2BXKPyB2gGQOhPxMPkLaEbPMvp9P8l1o35MshbETOjEI8b62ooV%2B15885OqufnbKkuzT5MMW1mb5%2B0mKqgWA9JmcHaZDxCnTLoaFdr3Ef2xzbto1c1C9jg%2BJ4xvvSTa96W45aPscf8ypfQKQe5H1pDrwg5jijQ%3D%3D%7Ctkp%3ABk9SR6DU8r6TZw&LH_ItemCondition=3000
"Transformers Studio Series 82 Deluxe Ratchet Takara Tomy Bumblebee Movie
Opens in a new window or tab",17.99,0.0,17.99,https://www.ebay.com/itm/297944297799?_skw=Studio+Series+82+Deluxe+Class+Bumblebee+Autobot+Ratchet&epid=17051809965&itmmeta=01KJDYWN85KMCDY41JK54WT8D2&hash=item455edd3147%3Ag%3AM1oAAeSwBoNpa-vw&itmprp=enc%3AAQALAAAA8GfYFPkwiKCW4ZNSs2u11xDoEQmZeAt7LuhnTVkQffWiC9EabwhGa80OJgJ2kKrZ4cUb7W0ke26PpvRedQVuIKDK7P8dXhEB8YP%2F7XSL09Ib88VSGzFFyW3bbb1ZH8lYzMHtSisYYEVokEj4ul56UtDuckKHQi2p9x0p49OjJxXtMhINPbBDTF6eZMnDOR7LQVkn4SOxthH60RkGgujL8ao2%2B%2FBmazZsT678ZvpocQU30rmTEIo41oHMHb%2FgZc8PHwIlaHqb2rllOFiKOqnmMdBk8IYJFz34mpXqlQxUl%2FBLDS5dnzkR02e2NiDKL75g6g%3D%3D%7Ctkp%3ABk9SR6DU8r6TZw&LH_ItemCondition=3000
"Transformers Studio 82 Deluxe Bumblebee Autobot Ratchet Figure
Opens in a new window or tab",14.99,0.0,14.99,https://www.ebay.com/itm/187272154257?_skw=Studio+Series+82+Deluxe+Class+Bumblebee+Autobot+Ratchet&epid=17051809965&itmmeta=01KJDYWN865TNC1XWYQ0VV1305&hash=item2b9a4a4c91%3Ag%3AsjsAAOSwZhloOd28&itmprp=enc%3AAQALAAABEGfYFPkwiKCW4ZNSs2u11xDxC5qYrR8nD5QUJRDv%2BD0Jfp0Cfc5w15542K%2FTohlCOa23slPImA4r5IDDA9oKOagsP1IbGXNbtRYqQ8IGMOmqwyLismMHHDYc9PJw33u%2FwHU1oK06mbmFsBo96x1fp2T2%2FE86L8E2Z8Hz9QwVr7fhVlMvgsIFzbmVx%2B9hZ8myHSibxTOCykBMWTSNQCQ6ocUtVKtVgvPgy2obaWkGKUBLd8qsPq%2BVDFG21fIbF6HnkeiaDUoizdvR6RW%2BpEc3be4Ei7TvleF%2B6R7J3%2FNIA%2FLgXFSZ2h9Bde5I0A45vgl8G9U0yT7kNU2ocjUBq1QBvHdrWN%2FYromrwqv5Xz%2FjWk9c%7Ctkp%3ABk9SR6DU8r6TZw&LH_ItemCondition=3000
"Transformers Studio 82 Deluxe Bumblebee Autobot Ratchet 4.5"" Action Figure
Opens in a new window or tab",19.6,0.0,19.6,https://www.ebay.com/itm/397277033815?_skw=Studio+Series+82+Deluxe+Class+Bumblebee+Autobot+Ratchet&epid=17051809965&itmmeta=01KJDYWN861CPD33R3VANR8SSS&hash=item5c7f8e7557%3Ag%3ADZ8AAeSw2FtpGk22&itmprp=enc%3AAQALAAAA8GfYFPkwiKCW4ZNSs2u11xAZ3BhwDorbmvefaXu24kQNrK0CwVxuZO9Pe%2FsFZ%2FV37j8Onh%2FLEJKFYB3KGMd3Fbdwt2vFKR4OX1zx1uQP%2FD1o7PozawqsDzkomYNcXjkHQPBQH6K7xjVv67Q74GyYA6MgCCoAdtA6Ug3wP80e%2FwK4%2FhV2JQ1%2BY%2FgahBtehM0OiSXE2l3sTRbWWKuscMJYYjyteqaRxoxojCedTpAXyBC2nYpkpQpQ3zggIdddlDaOz4zLKdzZ5Xcc3bbE8PyYbq6Z0Hhw5XoDsA9AKSNpol6sc%2FQPGoSnEluWUpP%2FuEbTjA%3D%3D%7Ctkp%3ABk9SR6DU8r6TZw&LH_ItemCondition=3000
"Transformers The Movie Studio Series Deluxe Class Bumblebee 86 29 Action Figure
Opens in a new window or tab",14.99,0.0,14.99,https://www.ebay.com/itm/147059758033?_skw=Studio+Series+82+Deluxe+Class+Bumblebee+Autobot+Ratchet&itmmeta=01KJDYWN861B85CS4T2D482Q7M&hash=item223d71d3d1%3Ag%3AqiAAAeSwqYJpUcPa&itmprp=enc%3AAQALAAAA8GfYFPkwiKCW4ZNSs2u11xCcL2OH%2FhRQZdq2sJh7H0lBee9sObPmgNAbzl2mlEK7auLC7MjEItuG%2BdxkogQR6enmgUyC%2FNQHx7rg26eVv7q%2BvR7DDCxbU66nBe7jCgv6ICHG5HPoKcc5aoGPAPktONFTBci%2F9EKn%2BhOYBkZ2Zb9vb%2FLZ7OR6LA2R9q8--qz%2BNnQPDxLS2YCzXJArhfq%2F1lRLUjxCoubZbcuXIF2y9mP%2Bt5k1bBxGyX%2FUrCRVYdnukagWe8PNOTXjdeMUmU7E7dGlW7WnK32h70xquPPg78rF8xQHXCd5nLQu183jvt1QYA%3D%3D%7Ctkp%3ABk9SR6DU8r6TZw&LH_ItemCondition=3000
"Hasbro Transformers Generations: Studio Series 16 Deluxe Autobot Ratchet (E0977)
Opens in a new window or tab",49.99,0.0,49.99,https://www.ebay.com/itm/168174415895?_skw=Studio+Series+82+Deluxe+Class+Bumblebee+Autobot+Ratchet&epid=4022351843&itmmeta=01KJDYWN86321QN3SAHBYARWW1&hash=item2727f9f017%3Ag%3A3LoAAeSwVRhpmP-o&itmprp=enc%3AAQALAAABEGfYFPkwiKCW4ZNSs2u11xCKagtUYihG1aYHKGmncJE9vQmEY7wjkTIK5iXRdY6MOA%2BSE6Ue4fiTADbscnIsJXfNX5MrCwRtSVLXwiBZZ3MIrwpijsTUsASuq0vk9KrL28b8sbTSiqnUbGusLCmAU1s%2FrvmREsqGZN7gcouMf3LZfLFD8zgbS5N1V651P5bRjifA%2FWZlaNBEVMZmEqqgaL26hoCrJ0mCF3SIvvfH%2BJl7LWPtoDP3etWsgxE%2FfuauN764khOUWEiSqnvL%2FaTgGiFoiMRErgymUNKi8T5%2FABKoD2QlKAA26CwuFMzQlgN12gqgPBiFz3Iof8dnCrgtB6aRWkdrYqsECAK%2BzhcrKxTE%7Ctkp%3ABk9SR6DU8r6TZw&LH_ItemCondition=3000
"Hasbro Transformers Studio Series Deluxe Class 04 Autobot Ratchet Action Figure
Opens in a new window or tab",60.0,0.0,60.0,https://www.ebay.com/itm/136993703651?_skw=Studio+Series+82+Deluxe+Class+Bumblebee+Autobot+Ratchet&itmmeta=01KJDYWN86SE6Y42XAHZQGQT0Z&hash=item1fe57606e3%3Ag%3AkB8AAeSwWJ1peqPD&itmprp=enc%3AAQALAAAA8GfYFPkwiKCW4ZNSs2u11xAKalEqsgUX%2FQIcDj0EOJE08jhzDa3k7onBcw6%2Fw0tmf1fpGjRoNIYh5XcrYcKSn0GPwA2mjKT9b%2BARRKBcr1b2jbkFQL%2BtkHWAMDijh%2BKOQ42JdZ45Xs6VxxWSrP9j3oWuew7v44ZO%2Fd2%2FoXhYmy4I0VoDhmTPtUUi%2B%2Br96VwQgCFH5Rh9oefqNgK6Klzatn3Bj8W%2BN7%2Bp9KXW9Ga4qTCpCYq0e92JaN3BL4ZMLiFBv7N802tzgtIvX76g%2BNHCPO5mUnlHTBglEsStjYRvJBd%2FXvla0WVJXi47RxpeexRtdA%3D%3D%7Ctkp%3ABk9SR6DU8r6TZw&LH_ItemCondition=3000
"Transformers Bumblebee Complete SS-117 Studio Series Deluxe Class
Opens in a new window or tab",30.97,0.0,30.97,https://www.ebay.com/itm/137057916609?_skw=Studio+Series+82+Deluxe+Class+Bumblebee+Autobot+Ratchet&itmmeta=01KJDYWN86NG0WC6XKGHQ06Q8Z&hash=item1fe949d6c1%3Ag%3AVMEAAeSwUixplNIU&itmprp=enc%3AAQALAAABEGfYFPkwiKCW4ZNSs2u11xBt6xleCPLr4thKXAxuXJLAY%2BhTvejiIxAeCE%2BXxXydMdEvvdbwhnBJQQApB1LCYoIaUQTWTJnzhYnF9JFdjEV3oIREWG5aL8LK4Q7YgOHafvCQL%2BLlDQkrOfSi8Gpm77ecM94ZFolta%2BBCVDWN1PfKIC01cQ8SvW4QV4Bwpz%2Bh3ZP71ZtqC8XKSlPt8Wsv50LfVqypNsUB50IyzfQqcl%2B7e4CsQQlXR2P1Lv6YAYiNz9GLmW1dVgvRB%2B2dBVDxA%2F0brl2u45jx%2BFJjMA1rg0JfUIcyAoAw55cKD8Ra14LpvXGf%2F8f8FvmVed1%2F1eHwB8RCW7ekuStbKuInaNAeyNvA%7Ctkp%3ABk9SR6DU8r6TZw&LH_ItemCondition=3000
"HASBRO TOMY Transformers Ratchet Figure Only SS-82 Studio Series Deluxe Class
Opens in a new window or tab",13.99,0.0,13.99,https://www.ebay.com/itm/187766570211?_skw=Studio+Series+82+Deluxe+Class+Bumblebee+Autobot+Ratchet&itmmeta=01KJDYWN86AWWPTKK4KC0M4TKH&hash=item2bb7c27ce3%3Ag%3ANT8AAeSwdCVpIfCI&itmprp=enc%3AAQALAAABEGfYFPkwiKCW4ZNSs2u11xCkseWfEAS9FYWlqOgoNTmKI2i7jqMr3fH412ifY5e40EVmFpXr8aNxEhBAYIcafmlijLjBht3wVIpCvTy6ycq3T6qiBeEwbXUhhDJ4zyMoaKo4Nn7mRBMaS%2FSwMmTQ5rv4SvEq74Pe6OOO4d96HiDEgADfCIS483ABCq8vao0U9Kaoq5DphcUgsdxPKdv4InQCuSB6WZa%2Fy9BP2J6%2BG9sTqP2zJK%2BxlhdVHHAOVgAq6rumzuYwfQbv41bh2DSbn00xkyjBgf6iRriafXze6EgmSxfQ0pXEUBnWwNsb0mB9zGsAnq84z%2FzFKZf8wDq8do%2BkmRupxriNad6VaA%2B72pBn%7Ctkp%3ABk9SR6DU8r6TZw&LH_ItemCondition=3000
"Hasbro Transformers Studio Series Deluxe Class 04 Autobot Ratchet Action Figure
Opens in a new window or tab",38.25,0.0,38.25,https://www.ebay.com/itm/187887285315?_skw=Studio+Series+82+Deluxe+Class+Bumblebee+Autobot+Ratchet&epid=8015346356&itmmeta=01KJDYWN86AYCF2ND7251WXPE5&hash=item2bbef47443%3Ag%3AoAUAAeSwI19pUHna&itmprp=enc%3AAQALAAAA8GfYFPkwiKCW4ZNSs2u11xCqvApMKBT5N1mn%2FzeawAso4D00N0Q4nUzUGbLtO%2FiDwx9RP1Da0%2BcVzjxid4xyDRQsfiKS7ziTpnH7PezuMCUEBel8Z08rscc%2BCsKjHP1N419A2jLMfrLNcHlveIxn6rjRzar1bZerPJ%2BxxOR0lAz7L2aHXdMC8xAXy5r607GkUFbq9vMsNUD9fllv2vsQ%2Fni2tyZjLUVLjG1VvtYZMATMEcL%2BOsXa7ErrOiPDwld8j95KpBrX0JJQOAkvIEF7kUK4cmqvJs3Tpueq8l9mBsy%2BR%2FTv%2FGSfw4l1T8HmWfMMuw%3D%3D%7Ctkp%3ABk9SR6DU8r6TZw&LH_ItemCondition=3000
"Transformers Buzzworthy Bumblebee Studio Series Deluxe N.E.S.T. Ratchet
Opens in a new window or tab",30.0,0.0,30.0,https://www.ebay.com/itm/397367283273?_skw=Studio+Series+82+Deluxe+Class+Bumblebee+Autobot+Ratchet&epid=25058064476&itmmeta=01KJDYWN86NCVNJ3M5MZ9M3K1C&hash=item5c84ef8e49%3Ag%3AzmcAAeSwRStpNbDt&itmprp=enc%3AAQALAAAA8GfYFPkwiKCW4ZNSs2u11xAsk2TYok5sl27xPKHvPR21PrSTMl%2Bupti7K3XMtFBGVWHMQVOBc4j7CKK%2F%2Bp2G5YBrncPcMYyuWpD3Ne55zYk3j2SriujWFjWP8vlqDshKZyLfejWVgcvDkg6Ss%2F4Ccxvy%2BEut5BPO2jVjqb4RR5tAU3a4P1Rz%2F4sZ7qPb9lhTqp7x9zXV7NcfXT81JpMm%2FqjwiLtE4xizwZX%2B2q%2BsLjUwUqZXQMv8DYqeOaKvce27hASU2lziTkzTZfcOx3wwgCfOce5fcJ6xVuEZIGPrY3rVgP8ptgbUwAjgu%2FzXeSe9UA%3D%3D%7Ctkp%3ABk9SR6DU8r6TZw&LH_ItemCondition=3000
"Transformers Studio Series Deluxe Class 04 Autobot Ratchet
Opens in a new window or tab",54.99,0.0,54.99,https://www.ebay.com/itm/326883025492?_skw=Studio+Series+82+Deluxe+Class+Bumblebee+Autobot+Ratchet&itmmeta=01KJDYWN86W20HN069B28CZZJR&hash=item4c1bbf2254%3Ag%3Av%7EsAAeSwAM1pF90S&itmprp=enc%3AAQALAAABEGfYFPkwiKCW4ZNSs2u11xDh9HZem5L5AIaNzIhgQ8LrzR8xlC6tB1kzw%2F7we0ABOQMRd566o1SfliN7Z2k0%2BjcsWf%2FXtDnj5A45s0QmbaVDpxUP%2F1lWm6n5HavRAw4cnzPuRDk8CCcjdX7ZgboBRCtzimb98nOEt0uzH38K6aNCDpFeCIleKLom7agX3FnyWrJLtEjuJKjaAInurc05YhdEb%2Ba9KRIlLmoQW2ne6vRRdjIqggetjw6hI9YwqsS0KkmA9p7D%2BizZhQG6tF6k6mjRIjqoVg5A9yNjd%2BiHkIRXpL%2F3wSzOq0PplbRcPQCG%2BlYEZKgzvrOaOvTzzUufiNRFQE32Q1iLbm8MOoLEo4JH%7Ctkp%3ABk9SR6DU8r6TZw&LH_ItemCondition=3000
"[Later Run] Transformers Deluxe Class Studio Series 100 Bumblebee - Used, No Box
Opens in a new window or tab",20.0,0.0,20.0,https://www.ebay.com/itm/326900519467?_skw=Studio+Series+82+Deluxe+Class+Bumblebee+Autobot+Ratchet&itmmeta=01KJDYWN868RRXBVEWEEAJN6N3&hash=item4c1cca122b%3Ag%3AFQMAAeSwQIRpMzsk&itmprp=enc%3AAQALAAABEGfYFPkwiKCW4ZNSs2u11xB%2FP8npbtlQjHOKva3dEQCuSQVlTbEDGjoWOsRWWgiSZA4bxgj0UWLFO2O4Wn7CegqHQzT6LVM3IWNRm2yRS%2B7Re8ZSjZs6l%2Fdi51RjyXf3W6nPL84sIBc9T%2FhA6UNbLz6lZ0lrsCQrF7%2Bif40usF8gfY604Wo7MzobzQ3vPfgoPwhOpg9BzOR2IK83KOKAEl1IjMGIlnlkQxIXbhgIJjJnbUSfAXlRC3Og0fimbYuM%2FGBtGtmoUp1fi69TVza%2By2gTEHPnUDeqVWpCyU%2BNN3bmOlrROm9Cu%2BMaKjheVhYc5eM9iWwuNLN6lIXHG%2Fmt4O72YPpiSbD8ra1UQAQ%2BE5fL%7Ctkp%3ABk9SR6LU8r6TZw&LH_ItemCondition=3000
"Hasbro Transformers Studio Series SS-27 Deluxe Class Clunker Bumblebee
Opens in a new window or tab",60.0,0.0,60.0,https://www.ebay.com/itm/127695655362?_skw=Studio+Series+82+Deluxe+Class+Bumblebee+Autobot+Ratchet&itmmeta=01KJDYWN86HJSARE83WR0VBYV6&hash=item1dbb4111c2%3Ag%3APSMAAeSwFQxpmJxL&itmprp=enc%3AAQALAAABEGfYFPkwiKCW4ZNSs2u11xAmTR5IKmqQfEbReAhqc56O23IsOPL12uk1hrQrs3i9HKs5291yCVjz7S0FZjh3KHlK9D2YEWjwSQQEU6cQqxZ%2FswrgcpwO16Ya9zoFKkzxgrWZLGm9g%2BabAV7OMr7n1AJkI%2BBjYHZZXpg8fG3UX7YT5wPHkiwLiR%2FkQqdnl4ORvDit8e%2BqmUBDg%2Fmdb7yAss04O1GIrdPFgO7SftIOxFTeh2GbDyAkQN09FrEQG%2BvM3lzrIGEMW8xr3EkVHJu%2F8yqvVwG%2FRqmXS%2ByelnJhw8QG31gs6duHbhaLTH0p%2BkCzVKTbsvQoLhaRfxIIfmcGt7Sn8eqlCH7gZtrS54ckgZWp%7Ctkp%3ABk9SR6LU8r6TZw&LH_ItemCondition=3000
"Transformers Autobot Ratchet Complete SS-04 Studio Series Deluxe Class
Opens in a new window or tab",70.0,0.0,70.0,https://www.ebay.com/itm/317777262324?_skw=Studio+Series+82+Deluxe+Class+Bumblebee+Autobot+Ratchet&itmmeta=01KJDYWN86QMSDQBDXXP59TTX0&hash=item49fd0036f4%3Ag%3A2TcAAeSwup1pbXo2&itmprp=enc%3AAQALAAABEGfYFPkwiKCW4ZNSs2u11xBigMJyd%2FIlg%2B0E0KLjeoZzgzNGw82EnckbTUmwhC1Td5IhUYPJFLEzvJB37THr0bKYF9%2BVK2jzfHoEi7Cww4DTydTfkqZJiS3lPxZjltlfbcOGLj6pwAh2mdwpfTZ%2BM5OHhlrZRQbbuNP%2FiYre1M68r1THHQCxvO7wW6bKIQdE1I0BMVPUM8FvEUbdv3JPntHyJ%2BDbIJcnaZzDANUzPINVqjNtNIWSG06YTcbWqBywECYEsxDK9r0TLRo0axgO7vksPiVQfkd7pljAepu1WCO545k3iTmwnctUgLlVOa7S9bhU2tf46zJiA79colOMUS8aqU3Aw82WEIUFSNfH8jFi%7Ctkp%3ABk9SR6LU8r6TZw&LH_ItemCondition=3000
"Transformers Studio Series Deluxe Class 04 Autobot Ratchet Loose W Instructions
Opens in a new window or tab",44.99,0.0,44.99,https://www.ebay.com/itm/317634233248?_skw=Studio+Series+82+Deluxe+Class+Bumblebee+Autobot+Ratchet&itmmeta=01KJDYWN86QDJ8X1W3GGF4VTQ6&hash=item49f479c3a0%3Ag%3Ac9MAAeSwiC1pB3H2&itmprp=enc%3AAQALAAAA8GfYFPkwiKCW4ZNSs2u11xDR8n%2ByxKXqlHVMgKJug3Z6D3VlAmUBHsofyF3qBoAO6PR1ioIVbsAOyKl0C4gzwOU5QHEDKokRAcaGYypGZzaInYbAHQrCo%2BM%2BKOSypefujgFhnAmXFLOIa%2BP%2BjI7ZVFGzv4i4ePxd1c3Pgfq4bA7fAUSKOD1pF58Am8eajkpYMbe%2FtL%2Fof3NyR6syirVI5nnErslIDevkJu2DmYxdirzZzrRJ6uEXiRvMa8P42uLGFK%2B%2F%2Bljnmh7NnSDwe%2FQnhonr1CUCQt%2FUTwHqEkbzoHf02NOtwBF6UidhA%2FUCKJlP1Q%3D%3D%7Ctkp%3ABk9SR6LU8r6TZw&LH_ItemCondition=3000
"Transformers Studio Series 87 Deluxe Class Dark Of The Moon Bumblebee Complete
Opens in a new window or tab",20.5,0.0,20.5,https://www.ebay.com/itm/406512321674?_skw=Studio+Series+82+Deluxe+Class+Bumblebee+Autobot+Ratchet&epid=2326199996&itmmeta=01KJDYWN866D6SMFRW5W20E92E&hash=item5ea605c48a%3Ag%3ALhAAAeSwLrBpSssY&itmprp=enc%3AAQALAAABEGfYFPkwiKCW4ZNSs2u11xA78RCCr%2BNm2sVyIGlwO858xavAUTs%2FAtCgl6n5fA75sV8eZmlFCkiQz6FV2aG9322QtbmzIqdl0wwDVNGr7HequvVu9VZi4SGQcmnilE1emSnZAT8Kf789xyA8gdSSvQCtYk97kL%2BGeZFeHJda98t589TdBjgvIhNDYzj9Az5gck1PMLpHqGeu7vwQMW69eFIXyghRnqHHxGN4CbCi39n6JJyQfHBVBNNh9RS8fSk%2FBLlbomD%2BhwD8qXyYUXwdovkTNV547xrOqAqf4P4Ng254NIxnTKPh63F7CNWP%2FTPSfjYWR5ohZkTZ5%2BoqZM5LOc1dwTZ3h1MlURcmThXv0TUR%7Ctkp%3ABk9SR6LU8r6TZw&LH_ItemCondition=3000
"Transformers Autobot Ratchet Complete SS-04 Studio Series Deluxe Class
Opens in a new window or tab",84.97,0.0,84.97,https://www.ebay.com/itm/136688462424?_skw=Studio+Series+82+Deluxe+Class+Bumblebee+Autobot+Ratchet&itmmeta=01KJDYWN869A1YNP9DNCZS86NA&hash=item1fd3446a58%3Ag%3At2EAAeSworppAQx5&itmprp=enc%3AAQALAAAA8GfYFPkwiKCW4ZNSs2u11xC5v%2BhKOipBO1ejXBpjug%2BO72NkFf9AKEDpjJB4fPHakVi8Eppol03gX9uJAYOJzrs9p464Hjn5gWtHq9%2F%2BMOd343te%2F4iqSA2NveDx4Xnfvk7XgwP1foTkfkaev2sraB8fnIkDFylFCoWxyHKd%2BIhmOjQWW7K8epirnL%2BZFZRtzH1wRKaEPDy4lxxdSsNJqSnGBBMtsUA71gjH%2BxEM6phuiJZreFx0TwUlz5%2FVN%2FR8wOXsX1GFg%2BYUolQ06WxRxHYjP4drIYi%2B3UGyuudXWVIArdYr5yQzb%2BGqdjdiK%2BueKA%3D%3D%7Ctkp%3ABk9SR6LU8r6TZw&LH_ItemCondition=3000
"LOOSE Transformers Studio Series Deluxe Class 04 Autobot Ratchet
Opens in a new window or tab",25.0,0.0,25.0,https://www.ebay.com/itm/116914091359?_skw=Studio+Series+82+Deluxe+Class+Bumblebee+Autobot+Ratchet&epid=8015346356&itmmeta=01KJDYWN860QRBB58SYEJ4TH1D&hash=item1b389f755f%3Ag%3An68AAeSwHj9pClM5&itmprp=enc%3AAQALAAAA8GfYFPkwiKCW4ZNSs2u11xDVzTGtpsP8fu05TLasfumeQgrToTGfb66K6ryDK9idJFX1igT5IahtfeHZ2kHUfbaiKYRW0uPvPaSrd75aEOrldOJGyL1tekyt83J%2FtK7FDFqm2uuzDC253XXU6GJoc6pPu4OZgV1%2FrcNNJkNzjDN3QRZbfcRDO0yEdgNmC7xlDwJfReoeBGcJqDryDe0jeEtpGl%2B6ExwhNXecfEwruEkyFbpvSnVWlWg7RXs1QSqUV7K3KbLNlgzP%2FkXL%2Bb6FVz1c0tzInNBNHqaoZDctZ9L1Znlc31lB3Q%2FvpVZuiuTBsQ%3D%3D%7Ctkp%3ABk9SR6LU8r6TZw&LH_ItemCondition=3000
"Autobot Ratchet w/box Deluxe Studio Series Transformers
Opens in a new window or tab",25.25,0.0,25.25,https://www.ebay.com/itm/277264422078?_skw=Studio+Series+82+Deluxe+Class+Bumblebee+Autobot+Ratchet&itmmeta=01KJDYWN86HYSXTRAYT219FPBR&hash=item408e3f54be%3Ag%3A%7EV4AAeSw56RocTxl&itmprp=enc%3AAQALAAABEGfYFPkwiKCW4ZNSs2u11xAmOgGTdZ5Yq1uVH4pv1FdcFN7BStfPNp%2BC9rYLgEf0nRH3SwGGBeQoz8tvmXnK%2FYr5q7WTfXtek9IC8s6IWVRqzKy2qbDhcu6bQRLqEBwT8AnX3UHKiC3Vgl4nKdXacgdMAFQKrIo%2FZX5%2Fj1UPZK18Zmy4QPZwOFUipTIVjdVpHJQM6liSPTQQQRt1lFLV9xwEXaBAX4LWKGeVz3%2Brll08OoTbpzimH%2Bi9%2FqECXnFotDKIUy74%2BNmtQEMNUUZnQ9y23ECQrFecUtDNrl%2BxiT14EzqhCOI2A7nPGF81cFRFui98BvRdUTPi8wbclHd7kxzoCmmBHeXVZ3fIlBmMibhh%7Ctkp%3ABk9SR6LU8r6TZw&LH_ItemCondition=3000
"Transformers Studio Series 86 Bumblebee Action Figure Hasbro Deluxe Class Loose
Opens in a new window or tab",11.97,0.0,11.97,https://www.ebay.com/itm/177782218029?_skw=Studio+Series+82+Deluxe+Class+Bumblebee+Autobot+Ratchet&itmmeta=01KJDYWN8646D062FFVC12V4DG&hash=item2964a55d2d%3Ag%3AFZQAAeSwm21paaFf&itmprp=enc%3AAQALAAABEGfYFPkwiKCW4ZNSs2u11xBMO4ZCpNEtMIU4DRUc9PJ50d99%2FCc2VgAhj26HbMwWOA53HGVDs3%2FhyGlMoJ4hCtktYZmGAKSm8ahcZ%2FlGeAXlkcsnGiAon%2B4TSU%2F125ZUVT4Gd1LqxhEk42iGrNS%2F%2BgADgUFZ1SMuVcGpQd2Ff%2FyXuZ8hGWMlq0XQwzAGum5D0bIa4vxcEOBuysEgGR4uRKCTs7t1c5h6SZwoilZj6u9G4Kvcaa13qBF9ToZzNV8wCu%2Fs29UYbfKW7Uic4CTAHrTrACe56NmxwTk%2Fb%2FHfXP5t77syleCUr%2Fygkd2L7FM4Nkbk8n9auhHd4xp8c5AakCpeJs3XGr6LTRZZs4Gn9ene%7Ctkp%3ABk9SR6LU8r6TZw&LH_ItemCondition=3000
"Transformers Deluxe Class Studio Series 117 Bumblebee - Used, No Box
Opens in a new window or tab",22.0,0.0,22.0,https://www.ebay.com/itm/326900513968?_skw=Studio+Series+82+Deluxe+Class+Bumblebee+Autobot+Ratchet&itmmeta=01KJDYWN87TFFE9XT0RJJQH5QJ&hash=item4c1cc9fcb0%3Ag%3AsQYAAeSwX0dpMzmy&itmprp=enc%3AAQALAAAA8GfYFPkwiKCW4ZNSs2u11xD6YDf7mYL3mdDDLi7RAnNVO9xKyOBkKu7AZzuAMH38qsQi3o1Jc%2B5DvHuP1uZDxfx%2F3st2Pt6N0pq%2BSRabe6dlN1PYDWmT87YFn%2FE9PEzzBu%2FbFY257QDUnUl6twXhugmAhzVZPeltzyZEIaE8L3tQ9y3qqnovcUCSPmcplW6myirUMfMgsGMNfaI24iGRM4sKg%2B%2BL%2FJq7MMmND3OS7IL13VuHFAWp3P8InBi054uBHXnRm%2BWdeH27vqovMy32e7oxNcdMuOMIGsocQERWbIdCJ4oFKX0ZPQcyrasQY4I1yQ%3D%3D%7Ctkp%3ABk9SR6LU8r6TZw&LH_ItemCondition=3000
"Hasbro Transformers Buzzworthy Bumblebee Studio Series Deluxe Class 86-02BB Kup
Opens in a new window or tab",16.99,0.0,16.99,https://www.ebay.com/itm/127699930043?_skw=Studio+Series+82+Deluxe+Class+Bumblebee+Autobot+Ratchet&epid=16051351103&itmmeta=01KJDYWN87MA6R7W27N1WK4WCK&hash=item1dbb824bbb%3Ag%3AcsAAAeSwBWNpm7uu&itmprp=enc%3AAQALAAABEGfYFPkwiKCW4ZNSs2u11xD4SAt%2FytKl9Q8JAVZxZpEac88OJEVOcAb8lY4vZKdvbzJMGotNVjZO9oSnCoJ3n71Aq5HPjYC9rdURAHHcOz%2FvGBYiVjCjXRclgD8O8Xq4C%2FenDdUjDV1vv3%2BB4xAQhiVJL5xL9idMoOC1iTHip%2BtIGJjdN%2Fk2G5bir1%2Bx%2FZRWMTJ0Tcp4LzJHo5Y7%2Bp%2FNdcbblqkNKpFR%2FkOOufhKmqprtH91j0sCevPMXU2FeugRzR%2FcMxCuNlQHXoIPdD%2B6psvQ2tt0wg2wHPTjQQEjuI05QsRRnPwI6KRo8Ltpd1CF5oVaCcvppQrajMhJgJJmXXaUIaGNpTC38NTmVH5nL0Ph%7Ctkp%3ABk9SR6LU8r6TZw&LH_ItemCondition=3000
"Transformers RATCHET Complete Studio Series 96 N.E.S.T. Buzzworthy Bumblebee
Opens in a new window or tab",19.99,0.0,19.99,https://www.ebay.com/itm/136705822387?_skw=Studio+Series+82+Deluxe+Class+Bumblebee+Autobot+Ratchet&itmmeta=01KJDYWN87C26M7S1GA2MHD0XZ&hash=item1fd44d4eb3%3Ag%3ARm4AAeSwjtBpCuGd&itmprp=enc%3AAQALAAAA8GfYFPkwiKCW4ZNSs2u11xAprgavU8uUQ52E%2F9ZDSlS7Urihb03CxzhnV0BXFu5gse0dmjb7cwf6e%2BSsMFE0FaBuxji4cVguOaCooYxTHSh20xj3pqHufVjCbyIMde9ns9ZRbQ50YUJdXWKkxz2zgG30H7OcJ58sR83obcE210reeKYsKZ8BfcS3iRp%2FHWPsk6NrMRNfZj9lThWkc9sejvWE9BWJBfTcZrF3LoZPNRwv4wm1n4F4pEkKpIgF%2BpIdfeb2e3qf3p0BZxhF0YLIspf%2FcCWUUf3LM099xzTh3ie%2BsH%2BcmzmpqEXFgdZ6A75UlA%3D%3D%7Ctkp%3ABk9SR6LU8r6TZw&LH_ItemCondition=3000
"Autobot Ratchet 100% Complete Deluxe Studio Series Transformers
Opens in a new window or tab",22.0,0.0,22.0,https://www.ebay.com/itm/286895726361?_skw=Studio+Series+82+Deluxe+Class+Bumblebee+Autobot+Ratchet&itmmeta=01KJDYWN87RSZ6BDH6DSS4H1VK&hash=item42cc515f19%3Ag%3AKu0AAeSwKDVo-4vo&itmprp=enc%3AAQALAAABEGfYFPkwiKCW4ZNSs2u11xAniwRDos%2FY6ajYgQwXbwoRXpwc4OS8ZLygiwiy5NOYnm%2F9pgquBDCd9UhkRMS3YAAlzeonFj5U0G08whV6Y8C%2FlIGHn7pEMvz%2FRa4CjNJ8lTkAQj7sbYHC%2FpmP9hiOhs4iU4eQ%2BCSeFjM1xbpIs22FDjCRCk6Jhp6dI8AgUKxZOG7QOwsS4YCcLNtfzja%2FCyz%2FxR%2BNlqnbgqQl1%2F7vM%2FxbaMz9CiNMZoybn43Jo5X%2FgYe9LCJ%2F3T%2FP8Q51gVkqX1y4nR6GcfxV4sTIGlQa0dxuegzH0E6X%2FH9T%2FLYrrTe%2BpMErK5KJcsJOrnDPkYnKGkwGkUCf0kQ9Vo8l869adgnt%7Ctkp%3ABk9SR6LU8r6TZw&LH_ItemCondition=3000
"Transformers Studio 82 Deluxe Autobot Ratchet 4.5"" Action Figure Incomplete
Opens in a new window or tab",8.0,0.0,8.0,https://www.ebay.com/itm/127503443653?_skw=Studio+Series+82+Deluxe+Class+Bumblebee+Autobot+Ratchet&epid=17051809965&itmmeta=01KJDYWN87P5XRK4HE17M0E92Z&hash=item1dafcc26c5%3Ag%3AG3UAAeSwYgBpG-tR&itmprp=enc%3AAQALAAABEGfYFPkwiKCW4ZNSs2u11xALu%2Bh90TMdjpdG68LacM1mOTUiCwnyMUp9u2lTi71%2FRzXSld0LJknu0eukZr7OVm60LBKaDOf%2BBFpd8Sduna4rgmuCIH5g56ZEUeVOYb9SZWYKcyDY7eTAXLmR%2BpS6iZUEoL91u9CrXj4nPXUT9LX2aQnJ8ehO8rGNboeF2ErtTra49cgnM6aGb1bFt3teK8d0nQjz41vwZ4KJi4VhpokF%2BiyJ73q0QdbL93lzDl59XK%2FgP%2BB%2BRX6DIN2i6OltM8Ky6TjqjwH7dp3WLjsXoC6BiHN%2FjgmzPyMS5gt49VLDlesiRdFyjtCay%2FFME50sl5z%2BRTfOEdro780vqwPVKK8t%7Ctkp%3ABk9SR6LU8r6TZw&LH_ItemCondition=3000
"Transformers Ratchet Figure Only SS-82 Studio Series Deluxe Class
Opens in a new window or tab",20.49,0.0,20.49,https://www.ebay.com/itm/326760830701?_skw=Studio+Series+82+Deluxe+Class+Bumblebee+Autobot+Ratchet&itmmeta=01KJDYWN87TN7QYNZAVZMSEGGD&hash=item4c147696ed%3Ag%3AVDgAAeSwzLtotKE2&itmprp=enc%3AAQALAAAA8GfYFPkwiKCW4ZNSs2u11xD375rkFhUiCforsHnwoBxB9m5YulZH1xVM5J4tOyy%2B7qBOm%2FXtgu58N7grN%2FEoYj%2BETckKi%2BkjmlJEweG7omtSUOEnrabZUEk48oI1JBIx48XxAdqRxpKxW2y4760t1xjzuQ7J9uTqgUJc2c7OiwBEdJms8t3S0KCTfslKiovsZIo8sj9wmbQ9S0JyQYFck8Kj6d6a0SQwIi2wMJEMjt0LawcMWe9Ng65BZXiNgQvJUSE0NHtrrcZfL1iUVteDQzre5E8KY0QRZ2ASkOqp9Tjq0IOOGpdzaUx6o1mE%2BxTSMw%3D%3D%7Ctkp%3ABk9SR6LU8r6TZw&LH_ItemCondition=3000
"Hasbro Transformers Studio Series Deluxe Class 04 Autobot Ratchet Action Figure
Opens in a new window or tab",50.0,0.0,50.0,https://www.ebay.com/itm/326909756022?_skw=Studio+Series+82+Deluxe+Class+Bumblebee+Autobot+Ratchet&itmmeta=01KJDYWN87VVR534BY43XYY8WQ&hash=item4c1d570276%3Ag%3A0NkAAeSwcXppO0-c&itmprp=enc%3AAQALAAAA8GfYFPkwiKCW4ZNSs2u11xAj2zSanJHdxjWg%2FvJ0SgzEGdOiKy8epuaURwymFqcf8tGpHAj8RfY%2F3Oct5ay26bTWlh3LtguB6ZY0fvzzmQdD54SAn8MyblttEQ6tthi5Pu7EZgO4JHkLMLtHm4R1xwI6f9hI2wsyYjsseWj9o0MLExib%2FrXIJDHGeS1kqcUDrR92lKcq4dzhvasaUvhMN6Ojg8zNrQlAy79dm52jgglvkWp9cAwPRpjQch2CyKkY9vh1dfQlwEvBG0wJD%2FbtODfKZqWs%2FPbRR8VQ0f1n7LA3%2F%2BKq65XSoLDygPcZjxpagw%3D%3D%7Ctkp%3ABk9SR6LU8r6TZw&LH_ItemCondition=3000
"Transformers Studio Series 16 AUTOBOT RATCHET Deluxe Class Action Figure
Opens in a new window or tab",115.0,0.0,115.0,https://www.ebay.com/itm/205865089873?_skw=Studio+Series+82+Deluxe+Class+Bumblebee+Autobot+Ratchet&itmmeta=01KJDYWN87KA1GVP1RBG8J1NVA&hash=item2fee83fb51%3Ag%3AWAgAAeSw6TVpISmS&itmprp=enc%3AAQALAAABEGfYFPkwiKCW4ZNSs2u11xBMJGTUAkOWuvkgIzDds7czoq77RwTl6FPSMbvMQqrEaf9i4zKoBTIgw0GX5jivnuZB4XqmX9QpPFNb1thP959IxVVGR2J5XI6WrRfpEmzyybgZ59AusQsW2t8ATKdE3LPLnjkYmclKwe34nut%2FvjZTBIRNkPMr15Y0f98kkueNA6iqv4CBRMilvnDO1dDXVtRWuK%2B2CXcwAHLJ%2BMAw01aNMe2T42vWsDXbdsQQLrFeD7CRBVfQvPLsOcFkwmvuvWhmKOpzhRiRjKv4qcoqBmE0FvtPM48j9eTaUjpzAZcfqAGxFBiwzG3sUVLNDflSVzv8g9rLQrGnr%2BLqLakQDwrM%7Ctkp%3ABk9SR6TU8r6TZw&LH_ItemCondition=3000
"*Complete* Transformers Studio Serie 04 Deluxe Class Ratchet
Opens in a new window or tab",70.0,0.0,70.0,https://www.ebay.com/itm/358147116331?_skw=Studio+Series+82+Deluxe+Class+Bumblebee+Autobot+Ratchet&itmmeta=01KJDYWN87GXNF5KTCD8HMM73G&hash=item53633b4d2b%3Ag%3A0bgAAeSwEpVpc5FI&itmprp=enc%3AAQALAAAA8GfYFPkwiKCW4ZNSs2u11xDySo7B7v5l6tCtx79jdqPDvZ2VAyPVTzy01LJUWGblnPOye49vNyQ3esBCldVnA95gEX5oEHyOzCelw%2BRVANb0wg8dxbUuCKezWAZM3a%2F85HKBJZ0AAMj9guoP5qrc75e2FC6Qs8RFYD%2FRR69wz2gcGE4mcZPKbTv%2FcTGlCBoVd71%2FJGHaTyd5cQy8ceswpi4gx0YLsW4UW2Doo%2F9u8jxssRKsJjVIwv1ZAR4xQpjclx2iwY%2BtlMCImr82KFa4AGouT%2FNSM40YSmcoF8K0lbNONnwSvFYfskegNRd9Q8CPxA%3D%3D%7Ctkp%3ABk9SR6TU8r6TZw&LH_ItemCondition=3000
"Transformers Studio Series 86 Bumblebee Hasbro SS Deluxe Class
Opens in a new window or tab",14.99,0.0,14.99,https://www.ebay.com/itm/357989025355?_skw=Studio+Series+82+Deluxe+Class+Bumblebee+Autobot+Ratchet&itmmeta=01KJDYWN8762C13H92SHQGGZ8F&hash=item5359cf064b%3Ag%3A5bYAAeSwieNpM%7Ec9&itmprp=enc%3AAQALAAAA8GfYFPkwiKCW4ZNSs2u11xBEtoQ8RFZ7GFEpQ3c8psJCcOG9FObr9RZy7CNBFkr730Zd%2Fy%2B90wrBvCbMj2Ia7OKNobDFW%2FOdTWsUnqsRzS5sVM53AjzWVsjZ%2F0tI5tUnDUl9aVQHvbLH4c5PONV6WQjo4RrFuZXeQ4PV8biAmFJZfZs2E%2B944AJFT%2BbmVirqseSmh3tslMbiQqo%2BZs1HRPdvjLfmFVjdMdgrRxrYlRtvhT3fyZOEXHerLn8PxU%2F39dXG%2BhkVPtQLhuyzGjCK1ZGAoCbQzFgx4aTi7k%2BrfvZVYhq4U8S1i9ryxSfC2tC2lw%3D%3D%7Ctkp%3ABk9SR6TU8r6TZw&LH_ItemCondition=3000
"Transformers Studio Series The Movie 87-29 Deluxe class Bumblebee 100% loose
Opens in a new window or tab",5.99,0.0,5.99,https://www.ebay.com/itm/306546404933?_skw=Studio+Series+82+Deluxe+Class+Bumblebee+Autobot+Ratchet&itmmeta=01KJDYWN87P6APS80BJAVYHRYM&hash=item475f96ee45%3Ag%3AOfkAAeSwoO5o7CpU&itmprp=enc%3AAQALAAABEGfYFPkwiKCW4ZNSs2u11xBrNqIjGi%2F8CI6J%2BVeFLuDzCwRUW5ddAFklOnXDHELeiCRkSVWczJN09ZcgIOPwRXadMQ2fbG71FSdR00%2BI8fddr%2FiPMkn7jhkHoZ9rdZQ0IUJWSpNDk3mBStnDSBb2%2FVRZRreyGZQMM8u%2FXeghTwQvmD03TneEZEpJ2Wg8UZ5XgGL6TpmPXXIvEJM9tlEPSVfRM0eFXG%2B%2BLlDyqgnJZ1lidmAEZQekA8UBvVGBnCJzp26FEGwVlJ81FLifc%2BQwWOUPNQO9yKs8C4zSa6UkDSlYoSrze9FDG2H4AWdIihKJtq0c9ZrNLEXPLnrxuDdcZyo2DYxnvj8AwMKE1caJke0%2B%7Ctkp%3ABk9SR6TU8r6TZw&LH_ItemCondition=3000
"Transformers Deluxe Class Studio Series 117 Bumblebee Movie Bumblebee Volkswagen
Opens in a new window or tab",20.0,0.0,20.0,https://www.ebay.com/itm/287144418889?_skw=Studio+Series+82+Deluxe+Class+Bumblebee+Autobot+Ratchet&itmmeta=01KJDYWN87FSXX2V8CPBQ9RCC3&hash=item42db241e49%3Ag%3AKFEAAeSwszlpfTGY&itmprp=enc%3AAQALAAAA8GfYFPkwiKCW4ZNSs2u11xDXIzeunS9MNvrpJ49I5I3VyYEc3yJqKFmV0RWWlMk0K1vQLUZwNX0NVIAZzPouyXrIP%2FIfhURHNUvUDm410rUtpiNVnaaapIZlmSKIjGaZvWTNmuikHFTEGuNKFmdB3QLIVVmwjniXHVT%2BiVz%2B%2BOi5tUmfNDSEWlgwNxFAMVg0Ju%2F%2BDniCkyPZ9Dalr%2Fop%2FP7gkyv8ygV2dMK3v1pMShyUy8q9HrKLF8rMOX53%2FgFFc7WJE4%2FIAa8t6yXyFe6CrElyFVxLAnhvYIp3sisB92CQmyN5gPBU5lCRrUJuogRFaw%3D%3D%7Ctkp%3ABk9SR6TU8r6TZw&LH_ItemCondition=3000
"Transformers Studio 82 Deluxe Autobot Ratchet 4.5"" Action Figure Incomplete
Opens in a new window or tab",8.0,0.0,8.0,https://www.ebay.com/itm/127627686699?_skw=Studio+Series+82+Deluxe+Class+Bumblebee+Autobot+Ratchet&itmmeta=01KJDYWN87FKNX1K3R5JJ1N9F9&hash=item1db733f32b%3Ag%3AG3UAAeSwYgBpG-tR&itmprp=enc%3AAQALAAAA8GfYFPkwiKCW4ZNSs2u11xD%2FVi%2B6uuPUZr3S8VLfL6022ZDTAB7JcJlTfmX4oSW7tAow2kM4zAtxVNWOrAWRaGNN8MB4xJ5tvr6odAvQTRoGM%2F545QQcs%2F9NI9ERWfVkzhWyMNeJubl1ZgbKu9yY6U%2F699T1JkrsyDsL4I9Bbg4K9WE6P17I1d7e0sHrvXAGxh6cG0Hemtl%2BIz5CQxcSmiV9sh6WWIWrNs9lvwC1myKabXQZkQpOhm%2BExkOmnTNW5a%2FJxzPjzPYJGxOJV%2BCioYScWB53McXJvO6Vd5urDKPyrImBygx2pr%2FcwfAcjvuc%2Bw%3D%3D%7Ctkp%3ABk9SR6TU8r6TZw&LH_ItemCondition=3000
"Transformers N.E.S.T. Bumblebee SS-77 Studio Series Deluxe Class - No Mini Fig
Opens in a new window or tab",29.97,0.0,29.97,https://www.ebay.com/itm/136519659780?_skw=Studio+Series+82+Deluxe+Class+Bumblebee+Autobot+Ratchet&itmmeta=01KJDYWN87X0W4C99EXKTQECYQ&hash=item1fc934b104%3Ag%3AiVwAAeSwqdxo1S2c&itmprp=enc%3AAQALAAAA8GfYFPkwiKCW4ZNSs2u11xCFuuInXDXxEgmItJUm--J9NRU9iclgZv3kCpQeN9mBBq0%2FDrmgwNVC%2F7bZkmwsddAB%2BYgp6JTHbZeyFKWBSs2FomSiZf2i45tsWnEthx%2BoSs7oNJBzwduz2TzKmFh0h17RmS1XeM0PTdW%2BdJABnIHDM3znv2wephJxKYYzOEbFcpS31WnpdY6WvH--EQP33HFyQdC3vKoUkqGjQQ%2BLgqukE6kghLy3VAcl8JmbyXCOMsZlBWqWsQsOZ%2BSTH6P4wCIQaxLOPqzYwwmJHHXZOeoYkq02Z0ISpAuYcbm0aqnBVQ%3D%3D%7Ctkp%3ABk9SR6TU8r6TZw&LH_ItemCondition=3000
"Transformers Studio Series 86 Bumblebee complete Hasbro SS Deluxe Class
Opens in a new window or tab",15.99,0.0,15.99,https://www.ebay.com/itm/366029708040?_skw=Studio+Series+82+Deluxe+Class+Bumblebee+Autobot+Ratchet&itmmeta=01KJDYWN87GF8Z0VK25CQRZP52&hash=item5539121b08%3Ag%3AXjYAAeSw-D5ojOmK&itmprp=enc%3AAQALAAAA8GfYFPkwiKCW4ZNSs2u11xBms1tO%2BLbGpLF%2Bm8mCcjSE137GKI88QGNfMikRoSa2LsO1AeBqoIBeNJPKhRBAI%2B2rQbViMVOa8RtEO9M8shd8aZJQfJ5htW04h9%2FYkip9zlC8g4PXA4x55xwSSIeBP7fdus48lGD8E5ZXkuP8amDsh%2FhiNjU8%2BRu3Hlfqi8Uy3s%2BTcMPj321P73z90rFvM0rUFJNWUrJFgEFfnMBLHTGIUtUqpVP8JfisNfbVDK6EfwhFWBFlUHXoIvZbWIWWuB6--yQUXlcK8GAv484y2N8nx%2F%2BOIONqflgaO4RCRp%2Bi2A%3D%3D%7Ctkp%3ABk9SR6TU8r6TZw&LH_ItemCondition=3000
"Transformers BUMBLEBEE Studio Series 24 Deluxe Class SS-24
Opens in a new window or tab",24.99,0.0,24.99,https://www.ebay.com/itm/157583434221?_skw=Studio+Series+82+Deluxe+Class+Bumblebee+Autobot+Ratchet&itmmeta=01KJDYWN873BS89JWSH72JDZXX&hash=item24b0b461ed%3Ag%3AVgYAAeSwjQJpVpm3&itmprp=enc%3AAQALAAABEGfYFPkwiKCW4ZNSs2u11xD5LYrKdHop5UOkpqc4uuCyxeCrjlBwXDZ19aiYygkmWmfjA2ZMtz9P0aUKFAwC%2BomedjH1%2BspR8DEGdHSFDgi3pckf88MDRmBC3JOwTjknivAjvd%2BZCBCeL%2FuaSSmp6bmuF3irWw426%2BI4ZinTkUNkd4WtPxp9hGPjKxb52xq5vcwkW7oDlK6gs1X21Ps%2BbNkq5uxXRgZ8G0RuXOFLeJxpvRe2nc4oAXnduS%2FWVPJBYUU%2FPwPEcuXFGMzo41OGgpYGhaPJhikgzDEuOgJAf2r6FcxskaCGTzbZizLWh9gO2b17tDt0xD6jZj4e1DG%2B65R3Y%2FOtsJKR3YqWAXXH5CI%2F%7Ctkp%3ABk9SR6TU8r6TZw&LH_ItemCondition=3000
"Transformers Studio Series 86 Bumblebee Complete Deluxe ss-86 Figure
Opens in a new window or tab",15.9,0.0,15.9,https://www.ebay.com/itm/286098675989?_skw=Studio+Series+82+Deluxe+Class+Bumblebee+Autobot+Ratchet&itmmeta=01KJDYWN8841BBPZ22203AKFPH&hash=item429ccf5915%3Ag%3AOMoAAeSwBvVpnpgV&itmprp=enc%3AAQALAAABEGfYFPkwiKCW4ZNSs2u11xCJkG3HW%2B4rJ37vY0LfVQpSxQABloyxvddUeoOAhAd0X4kSLDir4JD2rMhF7OdhCl4xQVT3CbksXmV%2BUlDHKG8hyvgXtuPWTWFDm2z0BLhBdLNhooKjxB2rHzotSQw8vXB67Gcp1O3FC6zu0LwMYV7c2xeZtqQA%2BH2oC420iMwY2HTbNAmAYgzEI300mE1fzTock7YrsDcpJbpsdIOlcyCInWQcLLDbMKEOg%2FY5t0lXr49XbbGtx8QmDxZMagQ51dLAWyCxXnXDLDf3wvN2mXhX37Jr7fhni05Z5dekRMFhRXEGqqz%2BI4j0zEs%2FkwtQhl2%2FadQZygjdBmyUVpSSJzKH%7Ctkp%3ABk9SR6TU8r6TZw&LH_ItemCondition=3000
"Transformers Studio Series #04 Ratchet Deluxe Class Hasbro 2018 Complete
Opens in a new window or tab",69.99,0.0,69.99,https://www.ebay.com/itm/187803204444?_skw=Studio+Series+82+Deluxe+Class+Bumblebee+Autobot+Ratchet&itmmeta=01KJDYWN88DVHDJAMKE3DST9TB&hash=item2bb9f17b5c%3Ag%3AKUoAAeSwPpJpJSbq&itmprp=enc%3AAQALAAABEGfYFPkwiKCW4ZNSs2u11xDUPE0OTVYuqYCWf0XjMEm%2BTrmwvAgFKf%2BjL6uUMGJ51ghxEUD4sZ2Jgyzohd8vfKWvbvTqqs8sbcD%2FR8Oilgq11ax3Q8VAilMIRRArcxag5LPcwkreOXclN6R06JHMpKW%2BI7hXs31nDGi0RS93Kl%2BRH3Rm%2Fk%2Bt8eJEyugGW7uVDSkh1jr%2B0PoDyuOpkBWTTr%2FXKMGPVgEM8dWdW9KHH1UBRw6rH40s73CMZyU8MmcwhN7rOSVFxW5oTlHBoATZE62EilRSKtbOdEPPstCZrPvgXCegUbjPvkV5primP0Ib2omBdBl1bQMHXlA2wGknASUxd5xXiR8qd9yePkoa90kN%7Ctkp%3ABk9SR6TU8r6TZw&LH_ItemCondition=3000
"Transformers Studio Series BUMBLEBEE 87 DOTM Deluxe Class
Opens in a new window or tab",19.99,0.0,19.99,https://www.ebay.com/itm/306762678728?_skw=Studio+Series+82+Deluxe+Class+Bumblebee+Autobot+Ratchet&itmmeta=01KJDYWN88N672HFQK3SG53SZX&hash=item476c7b01c8%3Ag%3A3JEAAeSwjuFpgjcP&itmprp=enc%3AAQALAAAA8GfYFPkwiKCW4ZNSs2u11xDjzv0hG9LnWiwIvImbW4J55sByVlQwIynKxFNbnHtvHsHFphjJSGoLSEpFAnHXJc87g1coltmbAGAvp5YjRV4P3P5OJ6lefGry6OH6%2BQ%2FexwVGHT5tx22MLeI3mLnNjow4D6qRTfn8Z2jvcTgZCaA9FJiDngd9c7U8%2FCwIEu6S9IKwHVkmH1DJ75F1F6YTRXFAuFSegzV7k%2Be%2B0O6Ul6wZZUDICokBmkiqsrhaKdMg7U4q0%2B6pFyHfMJzkh591aPkNwZZCq8J3kQQAxZVXRn1WZxSUE4cb7mexf44RqgMI5A%3D%3D%7Ctkp%3ABk9SR6TU8r6TZw&LH_ItemCondition=3000
